,reg,elev,mh,CO,open,needle,grass,erica,junip,tree,rhodo,rock,soil_mean,n_mean,elevation_dGPS,corr_distance,corr_distance_infertile,season,germinated_total_2016,germinated_total_15_16,germinated_total_0_2016,germinated_total_0_15_16,pH,T_mean,T_max,T_min,T_sd,snow_cover,growing_days,habitat,Latitude,Longitude,readnumbers
D1850B1_1,D,1850,B,2.08,55,0,0,45,0,0,0,0,15.5,0.012,1877.074707,0.5,0.5,May,0,0,5,5,4.08,4.724121094,54.5,-2,7.389162386,161.8333333,126.3333333,mixed,46.80024,9.90116,4224
D1850B1_2,D,1850,B,2.08,55,0,0,45,0,0,0,0,15.5,0.012,1877.074707,0.5,0.5,September,0,0,5,5,4.75,4.724121094,54.5,-2,7.389162386,161.8333333,126.3333333,mixed,46.80022,9.90126,14471
D1850B2_1,D,1850,B,0,0,75,0,0,0,25,0,0,4.38,0.002,1881.684448,0.5,0.5,May,0,0,5,5,4.03,4.515136719,27,-7,6.077018734,136.8333333,151,mixed,46.80023,9.90126,9916
D1850B2_2,D,1850,B,0,0,75,0,0,0,25,0,0,4.38,0.002,1881.684448,0.5,0.5,September,2,2,3,3,4.83,4.515136719,27,-7,6.077018734,136.8333333,151,mixed,46.80025,9.90126,14043
D1850B3_1,D,1850,B,0,0,75,0,0,0,25,0,0,1.64,0.01,1881.891113,0.5,0.5,May,0,0,5,5,4.13,3.8515625,23,-6,5.7292296,148.6666667,136.5,mixed,46.80025,9.90118,6754
D1850B3_2,D,1850,B,0,0,75,0,0,0,25,0,0,1.64,0.01,1881.891113,0.5,0.5,September,0,0,5,5,4.65,3.8515625,23,-6,5.7292296,148.6666667,136.5,mixed,46.80021,9.90116,6128
D1850B4_1,D,1850,B,0,0,25,25,25,0,25,0,0,5.22,0.01,1882.304565,0.5,0.5,May,0,0,5,5,4,NA,NA,NA,NA,NA,NA,mixed,46.8002,9.90119,10990
D1850B4_2,D,1850,B,0,0,25,25,25,0,25,0,0,5.22,0.01,1882.304565,0.5,0.5,September,0,1,5,4,4.34,NA,NA,NA,NA,NA,NA,mixed,46.80029,9.90116,7395
D1850V1_1,D,1850,V,17.68,55,0,0,45,0,0,0,0,19.9,0.018,1878.442383,1.5,1.5,May,0,0,5,5,3.77,4.409423828,33.5,-3.5,6.345797748,169.5,127.3333333,mixed,46.8007329,9.902210389,10988
D1850V1_2,D,1850,V,17.68,55,0,0,45,0,0,0,0,19.9,0.018,1878.442383,1.5,1.5,September,0,0,5,5,4.6,4.409423828,33.5,-3.5,6.345797748,169.5,127.3333333,mixed,46.80075836,9.902241579,13407
D1850V2_1,D,1850,V,2.08,15,0,0,60,0,0,0,25,7.28,0.004,1876.111084,2.5,2.5,May,0,0,5,5,4.2,4.811767578,67,-2.5,8.504149578,169.5,124,mixed,46.80077,9.90225,5561
D1850V2_2,D,1850,V,2.08,15,0,0,60,0,0,0,25,7.28,0.004,1876.111084,2.5,2.5,September,0,0,5,5,4.65,4.811767578,67,-2.5,8.504149578,169.5,124,mixed,46.80077703,9.902281738,3659
D1850V3_1,D,1850,V,17.68,35,0,5,60,0,0,0,0,15.32,0.006,1877.478516,6,6,May,0,0,5,5,4.26,5.061523438,46,-2.5,6.954146983,155,136.1666667,mixed,46.80077588,9.902341878,15029
D1850V3_2,D,1850,V,17.68,35,0,5,60,0,0,0,0,15.32,0.006,1877.478516,6,6,September,0,1,5,4,5.21,5.061523438,46,-2.5,6.954146983,155,136.1666667,mixed,46.80062766,9.902296075,6231
D1850V4_1,D,1850,V,3.12,50,0,0,50,0,0,0,0,20.92,0.014,1878.707886,5.5,5.5,May,0,0,5,5,3.11,NA,NA,NA,NA,NA,NA,mixed,46.80058981,9.902250363,3903
D1850V4_2,D,1850,V,3.12,50,0,0,50,0,0,0,0,20.92,0.014,1878.707886,5.5,5.5,September,0,0,5,5,3.7,NA,NA,NA,NA,NA,NA,mixed,46.80064128,9.902244404,6940
D1900B1_1,D,1900,B,0,0,100,0,0,0,0,0,0,5.94,0.008,1924.071777,0.5,0.5,May,0,0,5,5,4.84,4.879394531,31,-5.5,6.29296994,133.5,143.6666667,mixed,46.8008762,9.903620526,9931
D1900B1_2,D,1900,B,0,0,100,0,0,0,0,0,0,5.94,0.008,1924.071777,0.5,0.5,September,0,0,5,5,5.53,4.879394531,31,-5.5,6.29296994,133.5,143.6666667,mixed,46.80093966,9.903669809,14348
D1900B2_1,D,1900,B,0,0,60,0,20,0,20,0,0,9.44,0.012,1926.665161,0.5,0.5,May,0,0,5,5,3.92,4.056640625,24,-3,5.322199578,164.1666667,127.6666667,mixed,46.8009391,9.903661654,26360
D1900B2_2,D,1900,B,0,0,60,0,20,0,20,0,0,9.44,0.012,1926.665161,0.5,0.5,September,0,1,5,4,4.12,4.056640625,24,-3,5.322199578,164.1666667,127.6666667,mixed,46.8009279,9.903619739,4029
D1900B3_1,D,1900,B,0,0,85,0,5,0,5,0,5,26.92,0.02,1927.58252,0.5,0.5,May,0,0,5,5,3.43,4.025146484,21,-2.5,5.255975963,159.8333333,131.3333333,mixed,46.80093831,9.903540811,4439
D1900B3_2,D,1900,B,0,0,85,0,5,0,5,0,5,26.92,0.02,1927.58252,0.5,0.5,September,0,0,5,6,4.41,4.025146484,21,-2.5,5.255975963,159.8333333,131.3333333,mixed,46.80098522,9.903562856,9191
D1900B4_1,D,1900,B,0,0,100,0,0,0,0,0,0,3,0.002,1929.021851,0.5,0.5,May,0,0,5,5,4.55,NA,NA,NA,NA,NA,NA,mixed,46.80092087,9.903589265,8166
D1900B4_2,D,1900,B,0,0,100,0,0,0,0,0,0,3,0.002,1929.021851,0.5,0.5,September,2,2,3,3,5.49,NA,NA,NA,NA,NA,NA,mixed,46.80091861,9.903630123,10980
D1900V1_1,D,1900,V,9.36,0,35,0,30,35,0,0,0,5.88,0.008,1931.018555,5.5,5.5,May,0,0,5,5,4.11,4.567138672,57,-2.5,7.141924989,165.1666667,126.6666667,mixed,46.80150093,9.903796541,10655
D1900V1_2,D,1900,V,9.36,0,35,0,30,35,0,0,0,5.88,0.008,1931.018555,5.5,5.5,September,0,0,5,5,4.7,4.567138672,57,-2.5,7.141924989,165.1666667,126.6666667,mixed,46.80156215,9.90381946,16570
D1900V2_1,D,1900,V,2.08,0,0,20,50,0,0,25,5,31.36,0.014,1924.193848,5.5,5.5,May,0,0,5,5,3.85,4.847412109,52,-2,7.129158298,161.5,130.8333333,mixed,46.80159985,9.903694192,6170
D1900V2_2,D,1900,V,2.08,0,0,20,50,0,0,25,5,31.36,0.014,1924.193848,5.5,5.5,September,0,1,3,4,4.35,4.847412109,52,-2,7.129158298,161.5,130.8333333,mixed,46.80159524,9.903707296,4823
D1900V3_1,D,1900,V,8.32,10,0,45,45,0,0,0,0,22.9,0.024,1921.27417,11,11,May,0,0,5,5,3.38,5.589355469,60,-1,7.763704587,144.3333333,140.8333333,mixed,46.80147514,9.903859909,13373
D1900V3_2,D,1900,V,8.32,10,0,45,45,0,0,0,0,22.9,0.024,1921.27417,11,11,September,0,1,5,4,4.28,5.589355469,60,-1,7.763704587,144.3333333,140.8333333,mixed,46.80150812,9.903821758,9594
D1900V4_1,D,1900,V,24.96,20,0,40,40,0,0,0,0,22.36,0.01,1922.049561,7,7,May,0,0,5,5,3.16,NA,NA,NA,NA,NA,NA,mixed,46.80154481,9.903848552,5554
D1900V4_2,D,1900,V,24.96,20,0,40,40,0,0,0,0,22.36,0.01,1922.049561,7,7,September,0,3,5,2,3.81,NA,NA,NA,NA,NA,NA,mixed,46.80148574,9.903739225,14416
D1950B1_1,D,1950,B,1.04,0,0,40,35,25,0,0,0,13.36,0.016,1985.816406,0.5,0.5,May,0,0,5,5,3.94,4.580322266,68.5,-11,9.805921687,164.5,127.5,mixed,46.80197784,9.904834358,9013
D1950B1_2,D,1950,B,1.04,0,0,40,35,25,0,0,0,13.36,0.016,1985.816406,0.5,0.5,September,0,1,5,4,4.24,4.580322266,68.5,-11,9.805921687,164.5,127.5,mixed,46.80202,9.90466,9697
D1950B2_1,D,1950,B,0,0,65,15,0,0,20,0,0,1.7,0,1990.706299,0.5,0.5,May,0,0,5,5,3.84,NA,NA,NA,NA,NA,NA,mixed,46.80199724,9.90478609,8370
D1950B2_2,D,1950,B,0,0,65,15,0,0,20,0,0,1.7,0,1990.706299,0.5,0.5,September,0,0,5,5,4.9,NA,NA,NA,NA,NA,NA,mixed,46.80204,9.9048,10565
D1950B3_1,D,1950,B,0,0,60,0,0,0,40,0,0,0.14,0,1990.241821,0.5,0.5,May,0,0,5,5,4.07,3.719238281,46,-12.5,7.278450973,141.1666667,139.8333333,mixed,46.80202266,9.904764868,19892
D1950B3_2,D,1950,B,0,0,60,0,0,0,40,0,0,0.14,0,1990.241821,0.5,0.5,September,0,0,5,5,5.52,3.719238281,46,-12.5,7.278450973,141.1666667,139.8333333,mixed,46.80202948,9.904711186,22978
D1950B4_1,D,1950,B,0,0,65,5,0,0,30,0,0,1.72,0,1988.119995,0.5,0.5,May,0,0,5,5,3.58,NA,NA,NA,NA,NA,NA,mixed,46.80202,9.90473,5528
D1950B4_2,D,1950,B,0,0,65,5,0,0,30,0,0,1.72,0,1988.119995,0.5,0.5,September,0,0,4,5,4.41,NA,NA,NA,NA,NA,NA,mixed,46.80203,9.9048,15059
D1950V1_1,D,1950,V,16.64,20,0,20,60,0,0,0,0,23.54,0.02,1986.093994,9,9,May,0,0,5,5,3.49,4.680175781,23,-0.5,5.109643704,134.3333333,139.3333333,mixed,46.8023459,9.905412046,5459
D1950V1_2,D,1950,V,16.64,20,0,20,60,0,0,0,0,23.54,0.02,1986.093994,9,9,September,0,0,5,5,4.33,4.680175781,23,-0.5,5.109643704,134.3333333,139.3333333,mixed,46.80229849,9.905470689,14391
D1950V2_1,D,1950,V,2.08,10,0,70,10,0,0,0,10,29.22,0.026,1987.58252,6,6,May,0,0,5,5,3.69,4.572998047,24,-1,5.371214453,156.8333333,131.1666667,mixed,46.80243723,9.905394918,3308
D1950V2_2,D,1950,V,2.08,10,0,70,10,0,0,0,10,29.22,0.026,1987.58252,6,6,September,1,2,4,3,4.36,4.572998047,24,-1,5.371214453,156.8333333,131.1666667,mixed,46.80244451,9.905519089,18472
D1950V3_1,D,1950,V,2.08,10,0,20,70,0,0,0,0,45.3,0.012,1986.937988,6,6,May,0,0,5,5,4.05,4.067626953,21,-1,4.943149378,150.6666667,133.5,mixed,46.80232617,9.90542197,4230
D1950V3_2,D,1950,V,2.08,10,0,20,70,0,0,0,0,45.3,0.012,1986.937988,6,6,September,0,0,4,5,4.41,4.067626953,21,-1,4.943149378,150.6666667,133.5,mixed,46.80231922,9.905479069,12162
D1950V4_1,D,1950,V,6.24,20,0,50,30,0,0,0,0,31.02,0.044,1988.031616,2.5,2.5,May,0,0,5,5,3.46,NA,NA,NA,NA,NA,NA,mixed,46.80231575,9.9055214,4709
D1950V4_2,D,1950,V,6.24,20,0,50,30,0,0,0,0,31.02,0.044,1988.031616,2.5,2.5,September,2,3,3,2,4,NA,NA,NA,NA,NA,NA,mixed,46.80235682,9.905493397,8778
D2000B1_1,D,2000,B,0,0,80,0,15,0,5,0,0,7.04,0.006,2023.553589,0.5,0.5,May,0,0,5,5,4.28,3.704589844,33,-9.5,6.722726727,155.3333333,127.6666667,pine,46.80233381,9.907577196,9881
D2000B1_2,D,2000,B,0,0,80,0,15,0,5,0,0,7.04,0.006,2023.553589,0.5,0.5,September,0,0,5,5,4.56,3.704589844,33,-9.5,6.722726727,155.3333333,127.6666667,pine,46.80233359,9.907663058,8115
D2000B2_1,D,2000,B,0,0,90,10,0,0,0,0,0,0,0,2026.736328,1,1,May,0,0,5,5,3.23,4.095703125,38,-7.5,6.696879024,151.8333333,132.3333333,pine,46.8024271,9.907599911,9754
D2000B2_2,D,2000,B,0,0,90,10,0,0,0,0,0,0,0,2026.736328,1,1,September,1,1,4,4,4.96,4.095703125,38,-7.5,6.696879024,151.8333333,132.3333333,pine,46.80246643,9.907530799,20073
D2000B3_1,D,2000,B,0,0,35,30,35,0,0,0,0,5.48,0.012,2022.409546,1,1,May,0,0,5,5,3.61,3.480957031,37,-6.5,5.916028476,175.6666667,118.5,pine,46.80233074,9.907655683,12031
D2000B3_2,D,2000,B,0,0,35,30,35,0,0,0,0,5.48,0.012,2022.409546,1,1,September,3,3,2,2,4.64,3.480957031,37,-6.5,5.916028476,175.6666667,118.5,pine,46.80236517,9.907680653,29697
D2000B4_1,D,2000,B,0,0,50,25,0,0,25,0,0,11.42,0.012,2023.006104,0.5,0.5,May,0,0,5,5,3.6,NA,NA,NA,NA,NA,NA,pine,46.80239817,9.907611009,9135
D2000B4_2,D,2000,B,0,0,50,25,0,0,25,0,0,11.42,0.012,2023.006104,0.5,0.5,September,1,1,3,4,4.37,NA,NA,NA,NA,NA,NA,pine,46.80243322,9.90758455,16216
D2000V1_1,D,2000,V,0,20,0,30,50,0,0,0,0,29.08,0.032,2025.247437,5,5,May,0,0,5,5,3.67,3.653076172,25,-3,5.450347023,179.5,119.6666667,pine,46.80214966,9.909210842,7488
D2000V1_2,D,2000,V,0,20,0,30,50,0,0,0,0,29.08,0.032,2025.247437,5,5,September,0,0,4,4,3.98,3.653076172,25,-3,5.450347023,179.5,119.6666667,pine,46.80220772,9.909155341,7162
D2000V2_1,D,2000,V,0,20,0,40,40,0,0,0,0,23.96,0.024,2025.094971,2,2,May,0,0,5,5,4.36,4.013183594,25,-2.5,5.437891271,180.1666667,120.6666667,pine,46.80215061,9.909155206,6756
D2000V2_2,D,2000,V,0,20,0,40,40,0,0,0,0,23.96,0.024,2025.094971,2,2,September,0,0,5,2,4.24,4.013183594,25,-2.5,5.437891271,180.1666667,120.6666667,pine,46.80222843,9.909022529,9809
D2000V3_1,D,2000,V,0,25,25,25,25,0,0,0,0,15.74,0.016,2027.219849,2,2,May,0,0,5,5,3.86,2.993896484,34,-12.5,6.290212064,189.8333333,111.5,pine,46.80212339,9.909250621,6531
D2000V3_2,D,2000,V,0,25,25,25,25,0,0,0,0,15.74,0.016,2027.219849,2,2,September,0,0,5,5,4.5,2.993896484,34,-12.5,6.290212064,189.8333333,111.5,pine,46.80219294,9.909161126,5826
D2000V4_1,D,2000,V,1.04,20,0,40,40,0,0,0,0,14.06,0.012,2020.058228,4,4,May,0,0,5,5,3.85,NA,NA,NA,NA,NA,NA,pine,46.80214211,9.909143333,5698
D2000V4_2,D,2000,V,1.04,20,0,40,40,0,0,0,0,14.06,0.012,2020.058228,4,4,September,0,1,5,4,4.44,NA,NA,NA,NA,NA,NA,pine,46.80225458,9.909172445,7108
D2050B1_1,D,2050,B,0,40,5,0,0,0,30,0,25,17.62,0.008,2071.318848,1,1,May,0,0,5,5,3.93,4.209228516,51.5,-8.5,7.842617019,160.1666667,127.3333333,pine,46.80276947,9.911918824,20434
D2050B1_2,D,2050,B,0,40,5,0,0,0,30,0,25,17.62,0.008,2071.318848,1,1,September,0,0,5,5,4,4.209228516,51.5,-8.5,7.842617019,160.1666667,127.3333333,pine,46.8027753,9.911885822,921
D2050B2_1,D,2050,B,83.2,0,15,0,60,0,25,0,0,23.92,0.014,2069.520508,0.5,5,May,0,0,5,5,3.71,5.339355469,51.5,-4.5,9.211397964,186.5,118.3333333,pine,46.80284025,9.91187441,4681
D2050B2_2,D,2050,B,83.2,0,15,0,60,0,25,0,0,23.92,0.014,2069.520508,0.5,5,September,0,1,5,4,4.3,5.339355469,51.5,-4.5,9.211397964,186.5,118.3333333,pine,46.80285694,9.911812039,12862
D2050B3_1,D,2050,B,1.04,20,55,0,15,0,10,0,0,18.34,0.024,2071.421631,0.5,0.5,May,0,0,5,5,3.66,4.052978516,26,-4,5.992891972,178.6666667,121,pine,46.80278539,9.911903825,8170
D2050B3_2,D,2050,B,1.04,20,55,0,15,0,10,0,0,18.34,0.024,2071.421631,0.5,0.5,September,2,2,3,3,3.93,4.052978516,26,-4,5.992891972,178.6666667,121,pine,46.80280282,9.911857635,10745
D2050B4_1,D,2050,B,0,0,70,0,0,0,0,0,30,6.4,0.006,2072.899658,0.5,0.5,May,0,0,5,5,4.13,NA,NA,NA,NA,NA,NA,pine,46.80284,9.9118,29254
D2050B4_2,D,2050,B,0,0,70,0,0,0,0,0,30,6.4,0.006,2072.899658,0.5,0.5,September,0,1,5,4,4.65,NA,NA,NA,NA,NA,NA,pine,46.80278554,9.911811891,14085
D2050V1_1,D,2050,V,6.24,0,40,10,50,0,0,0,0,28.6,0.042,2071.939453,3.5,3.5,May,0,0,5,5,3.69,5.163818359,73,-1.5,9.810858787,183,117,pine,46.73294106,9.846692258,21803
D2050V1_2,D,2050,V,6.24,0,40,10,50,0,0,0,0,28.6,0.042,2071.939453,3.5,3.5,September,0,0,5,5,4.01,5.163818359,73,-1.5,9.810858787,183,117,pine,46.73293027,9.846722801,5690
D2050V2_1,D,2050,V,33.28,20,0,0,70,0,0,5,5,27.36,0.024,2071.207275,3,6,May,0,0,5,5,4,4.712158203,52,-3,8.108436061,187.6666667,118.1666667,pine,46.73295858,9.846762809,13472
D2050V2_2,D,2050,V,33.28,20,0,0,70,0,0,5,5,27.36,0.024,2071.207275,3,6,September,0,0,5,5,4.24,4.712158203,52,-3,8.108436061,187.6666667,118.1666667,pine,46.73292,9.84685,4915
D2050V3_1,D,2050,V,30.16,0,0,40,45,0,0,0,15,42.66,0.03,2071.260254,4,0.5,May,0,0,5,5,3.6,4.324951172,35.5,-2,6.344278952,178,119.8333333,pine,46.73293523,9.846696009,22942
D2050V3_2,D,2050,V,30.16,0,0,40,45,0,0,0,15,42.66,0.03,2071.260254,4,0.5,September,0,1,5,4,4.15,4.324951172,35.5,-2,6.344278952,178,119.8333333,pine,46.73293619,9.846755875,9719
D2050V4_1,D,2050,V,6.24,10,0,0,80,0,0,0,0,4.58,0.012,2072.643311,2.5,2.5,May,0,0,5,5,3.41,NA,NA,NA,NA,NA,NA,pine,46.73294758,9.846859528,13128
D2050V4_2,D,2050,V,6.24,10,0,0,80,0,0,0,0,4.58,0.012,2072.643311,2.5,2.5,September,1,1,4,4,4.67,NA,NA,NA,NA,NA,NA,pine,46.73302364,9.846977819,4577
D2100B1_1,D,2100,B,0,50,50,0,0,0,0,0,0,0.64,0,2096.854004,0.5,1.5,May,0,0,5,5,4.42,8.289550781,72.5,-14,14.64960883,135.3333333,154.3333333,pine,46.73297033,9.849310718,11444
D2100B1_2,D,2100,B,0,50,50,0,0,0,0,0,0,0.64,0,2096.854004,0.5,1.5,September,0,0,5,5,4.71,8.289550781,72.5,-14,14.64960883,135.3333333,154.3333333,pine,46.7327902,9.849341332,18150
D2100B2_1,D,2100,B,99.84,0,0,0,45,45,10,0,0,5.96,0,2096.360107,0.5,7,May,0,0,5,5,4.1,5.594970703,77.5,-7,11.82488616,189.8333333,115.6666667,pine,46.73260847,9.848900087,7854
D2100B2_2,D,2100,B,99.84,0,0,0,45,45,10,0,0,5.96,0,2096.360107,0.5,7,September,1,1,4,4,4.4,5.594970703,77.5,-7,11.82488616,189.8333333,115.6666667,pine,46.73259357,9.848874294,6127
D2100B3_1,D,2100,B,0,0,70,0,0,0,20,10,0,0.04,0.006,2098.872803,0.5,0.5,May,0,0,5,5,4.32,4.445556641,37,-9,8.198730929,149,139.6666667,pine,46.73260568,9.84903106,23421
D2100B3_2,D,2100,B,0,0,70,0,0,0,20,10,0,0.04,0.006,2098.872803,0.5,0.5,September,0,0,5,5,5.1,4.445556641,37,-9,8.198730929,149,139.6666667,pine,46.73261076,9.848961871,9616
D2100B4_1,D,2100,B,0,0,80,0,0,0,20,0,0,6.74,0.004,2102.696777,0.5,0.5,May,0,0,5,5,4.05,NA,NA,NA,NA,NA,NA,pine,46.73254099,9.848953003,8618
D2100B4_2,D,2100,B,0,0,80,0,0,0,20,0,0,6.74,0.004,2102.696777,0.5,0.5,September,0,0,5,5,4.25,NA,NA,NA,NA,NA,NA,pine,46.73257074,9.84910109,8590
D2100V1_1,D,2100,V,20.8,0,0,0,95,5,0,0,0,13.3,0.022,2096.320068,2.5,6,May,0,0,5,5,3.49,6.090820313,73.5,-6.5,11.03395761,160.8333333,128.1666667,pine,46.73296643,9.850430647,7666
D2100V1_2,D,2100,V,20.8,0,0,0,95,5,0,0,0,13.3,0.022,2096.320068,2.5,6,September,0,1,4,4,4.15,6.090820313,73.5,-6.5,11.03395761,160.8333333,128.1666667,pine,46.73293235,9.850441907,12396
D2100V2_1,D,2100,V,99.84,10,0,0,55,35,0,0,0,10.5,0,2097.449707,2,6,May,0,0,5,5,4.49,5.916503906,66,-7.5,10.74982469,177.5,125.3333333,pine,46.73286597,9.850722947,34808
D2100V2_2,D,2100,V,99.84,10,0,0,55,35,0,0,0,10.5,0,2097.449707,2,6,September,0,1,5,4,4.78,5.916503906,66,-7.5,10.74982469,177.5,125.3333333,pine,46.73289988,9.850771571,12865
D2100V3_1,D,2100,V,99.84,10,0,0,75,15,0,0,0,6.38,0.006,2098.818848,4,7,May,0,0,5,5,4.24,7.093261719,72.5,-8,13.18820562,174.8333333,121.3333333,pine,46.7330563,9.850629906,29229
D2100V3_2,D,2100,V,99.84,10,0,0,75,15,0,0,0,6.38,0.006,2098.818848,4,7,September,0,0,5,5,4.7,7.093261719,72.5,-8,13.18820562,174.8333333,121.3333333,pine,46.73299729,9.85052656,17467
D2100V4_1,D,2100,V,46.8,20,0,0,80,0,0,0,0,23.54,0.046,2099.37915,6,6,May,0,0,5,5,3.73,NA,NA,NA,NA,NA,NA,pine,46.73286619,9.850514188,11373
D2100V4_2,D,2100,V,46.8,20,0,0,80,0,0,0,0,23.54,0.046,2099.37915,6,6,September,0,0,5,5,4.24,NA,NA,NA,NA,NA,NA,pine,46.73291731,9.85071637,8990
D2150B1_1,D,2150,B,0,5,50,0,0,0,15,0,30,25.34,0.036,2160.450684,0.5,0.5,May,0,0,5,5,3.9,3.063232422,38.5,-5,6.588229553,179,111,ecotone,46.73378913,9.851851198,8465
D2150B1_2,D,2150,B,0,5,50,0,0,0,15,0,30,25.34,0.036,2160.450684,0.5,0.5,September,0,0,5,5,4.12,3.063232422,38.5,-5,6.588229553,179,111,ecotone,46.73384359,9.851817867,10059
D2150B2_1,D,2150,B,99.84,10,0,0,80,10,0,0,0,12.44,0.022,2163.343262,0.5,7,May,0,0,5,5,4.12,5.649169922,62,-6,11.33816867,190.3333333,108.8333333,ecotone,46.73376442,9.851743446,16630
D2150B2_2,D,2150,B,99.84,10,0,0,80,10,0,0,0,12.44,0.022,2163.343262,0.5,7,September,0,0,5,5,4.31,5.649169922,62,-6,11.33816867,190.3333333,108.8333333,ecotone,46.73378351,9.851833621,11144
D2150B3_1,D,2150,B,99.84,10,0,0,85,0,5,0,0,16.1,0.014,2162.807373,0.5,0.5,May,0,0,5,5,4.23,4.520996094,48,-6,8.218442246,188.3333333,115,ecotone,46.73375396,9.85181554,8653
D2150B3_2,D,2150,B,99.84,10,0,0,85,0,5,0,0,16.1,0.014,2162.807373,0.5,0.5,September,0,0,5,5,4.51,4.520996094,48,-6,8.218442246,188.3333333,115,ecotone,46.73373104,9.851821228,10964
D2150B4_1,D,2150,B,99.84,20,5,5,60,0,5,0,10,19.36,0.026,2161.783447,0.5,0.5,May,0,0,5,5,3.42,NA,NA,NA,NA,NA,NA,ecotone,46.73370776,9.851889027,10113
D2150B4_2,D,2150,B,99.84,20,5,5,60,0,5,0,10,19.36,0.026,2161.783447,0.5,0.5,September,0,1,5,4,4.24,NA,NA,NA,NA,NA,NA,ecotone,46.7338347,9.851800974,17954
D2150V1_1,D,2150,V,99.84,5,0,0,90,5,0,0,0,25.56,0.03,2163.023438,0.5,6,May,0,0,5,5,3.95,5.251708984,66,-7,11.16203861,204.6666667,104.8333333,ecotone,46.73443336,9.853180913,9735
D2150V1_2,D,2150,V,99.84,5,0,0,90,5,0,0,0,25.56,0.03,2163.023438,0.5,6,September,0,1,5,4,4.28,5.251708984,66,-7,11.16203861,204.6666667,104.8333333,ecotone,46.73451614,9.853139502,9758
D2150V2_1,D,2150,V,99.84,25,0,0,65,0,0,0,10,17.04,0.018,2164.573242,2,8,May,0,0,5,5,3.98,4.838867188,58,-6,9.200471149,206.8333333,104.3333333,ecotone,46.7345626,9.853059071,14018
D2150V2_2,D,2150,V,99.84,25,0,0,65,0,0,0,10,17.04,0.018,2164.573242,2,8,September,2,2,3,3,4.11,4.838867188,58,-6,9.200471149,206.8333333,104.3333333,ecotone,46.73455063,9.853029857,7317
D2150V3_1,D,2150,V,99.84,30,0,0,50,0,0,0,20,33.82,0.02,2162.686523,3,3,May,0,0,5,5,4.1,5.08984375,53,-4.5,9.223357934,197.5,110.5,ecotone,46.7345172,9.853127707,8633
D2150V3_2,D,2150,V,99.84,30,0,0,50,0,0,0,20,33.82,0.02,2162.686523,3,3,September,0,0,5,5,4.05,5.08984375,53,-4.5,9.223357934,197.5,110.5,ecotone,46.73451195,9.853044151,13805
D2150V4_1,D,2150,V,99.84,50,0,0,45,0,0,0,5,22.34,0.01,2162.506348,0.5,0.5,May,0,0,5,5,4.35,NA,NA,NA,NA,NA,NA,ecotone,46.73451157,9.853039012,9007
D2150V4_2,D,2150,V,99.84,50,0,0,45,0,0,0,5,22.34,0.01,2162.506348,0.5,0.5,September,0,1,5,4,4.41,NA,NA,NA,NA,NA,NA,ecotone,46.7343918,9.853062385,14234
D2200B1_1,D,2200,B,99.84,0,0,25,25,25,25,0,0,20.18,0.02,2187.781006,0.5,120,May,0,0,5,5,3.81,3.622802734,42,-5.5,6.711602693,201,105.1666667,ecotone,46.73470391,9.853751891,8204
D2200B1_2,D,2200,B,99.84,0,0,25,25,25,25,0,0,20.18,0.02,2187.781006,0.5,120,September,2,2,3,3,4.33,3.622802734,42,-5.5,6.711602693,201,105.1666667,ecotone,46.7346781,9.853813147,8729
D2200B2_1,D,2200,B,99.84,20,0,20,50,5,5,0,0,19.12,0.01,2187.768311,0.5,120,May,0,0,5,5,3.98,5.434814453,70.5,-6.5,10.87117682,194.5,107.8333333,ecotone,46.7347,9.85393,11854
D2200B2_2,D,2200,B,99.84,20,0,20,50,5,5,0,0,19.12,0.01,2187.768311,0.5,120,September,0,0,4,5,4.51,5.434814453,70.5,-6.5,10.87117682,194.5,107.8333333,ecotone,46.73469105,9.853855715,4714
D2200B3_1,D,2200,B,99.84,0,0,0,40,40,15,0,5,21.06,0.008,2186.840088,0.5,120,May,0,0,5,5,3.92,4.704345703,63,-7,9.136048499,201.5,102.6666667,ecotone,46.73468818,9.853815454,12529
D2200B3_2,D,2200,B,99.84,0,0,0,40,40,15,0,5,21.06,0.008,2186.840088,0.5,120,September,1,1,4,4,4.51,4.704345703,63,-7,9.136048499,201.5,102.6666667,ecotone,46.73471,9.85388,8559
D2200B4_1,D,2200,B,99.84,0,0,0,30,0,30,25,15,12.14,0.004,2185.488525,0.5,120,May,0,0,5,5,4.18,NA,NA,NA,NA,NA,NA,ecotone,46.73474474,9.853884301,4989
D2200B4_2,D,2200,B,99.84,0,0,0,30,0,30,25,15,12.14,0.004,2185.488525,0.5,120,September,0,0,3,5,4.6,NA,NA,NA,NA,NA,NA,ecotone,46.73472892,9.853843859,16307
D2200V1_1,D,2200,V,99.84,5,0,0,70,25,0,0,0,12.54,0.014,2188.064209,2,120,May,0,0,5,5,4.28,6.223388672,69.5,-6.5,13.40692917,197.8333333,109,ecotone,46.73516724,9.854532574,7210
D2200V1_2,D,2200,V,99.84,5,0,0,70,25,0,0,0,12.54,0.014,2188.064209,2,120,September,0,0,5,5,4.37,6.223388672,69.5,-6.5,13.40692917,197.8333333,109,ecotone,46.73519825,9.854640103,6585
D2200V2_1,D,2200,V,99.84,10,0,0,65,25,0,0,0,38.148,0.042,2187.678467,1,120,May,0,0,5,5,3.87,5.353027344,58.5,-3,9.771641802,182.8333333,110.1666667,ecotone,46.73499775,9.854532049,15105
D2200V2_2,D,2200,V,99.84,10,0,0,65,25,0,0,0,38.148,0.042,2187.678467,1,120,September,1,1,4,4,4.11,5.353027344,58.5,-3,9.771641802,182.8333333,110.1666667,ecotone,46.73522226,9.854487659,8608
D2200V3_1,D,2200,V,99.84,15,0,0,60,25,0,0,0,8.12,0.004,2186.460449,1,120,May,0,0,5,5,4.13,5.097900391,64.5,-5.5,9.782368539,197.8333333,108.6666667,ecotone,46.73519617,9.85456829,28163
D2200V3_2,D,2200,V,99.84,15,0,0,60,25,0,0,0,8.12,0.004,2186.460449,1,120,September,0,0,5,5,4.3,5.097900391,64.5,-5.5,9.782368539,197.8333333,108.6666667,ecotone,46.73518448,9.854473904,12286
D2200V4_1,D,2200,V,99.84,0,0,30,40,30,0,0,0,40.94,0.064,2188.623535,7,120,May,0,0,5,5,3.97,NA,NA,NA,NA,NA,NA,ecotone,46.73525572,9.854650956,9742
D2200V4_2,D,2200,V,99.84,0,0,30,40,30,0,0,0,40.94,0.064,2188.623535,7,120,September,1,1,3,4,4.11,NA,NA,NA,NA,NA,NA,ecotone,46.7352075,9.854483991,7086
D2250B1_1,D,2250,B,99.84,10,0,90,0,0,0,0,0,29.9,0.05,2253.12085,340,340,May,0,0,5,5,4.21,4.756103516,47,-3.5,9.148464002,190,106.1666667,ecotone,46.73537993,9.855842302,6460
D2250B1_2,D,2250,B,99.84,10,0,90,0,0,0,0,0,29.9,0.05,2253.12085,340,340,September,0,0,5,5,4.61,4.756103516,47,-3.5,9.148464002,190,106.1666667,ecotone,46.73537656,9.855780101,5673
D2250B2_1,D,2250,B,99.84,10,0,80,10,0,0,0,0,29.54,0.044,2252.942139,340,340,May,0,0,5,5,4.17,5.062744141,61,-5.5,10.66298098,196.1666667,105,ecotone,46.73538663,9.855843255,10790
D2250B2_2,D,2250,B,99.84,10,0,80,10,0,0,0,0,29.54,0.044,2252.942139,340,340,September,1,1,3,4,4.36,5.062744141,61,-5.5,10.66298098,196.1666667,105,ecotone,46.73546621,9.855842856,8585
D2250B3_1,D,2250,B,99.84,10,90,0,0,0,0,0,0,39.64,0.072,2253.77832,340,340,May,0,0,5,5,4.88,3.989257813,39.5,-1.5,6.858210989,186.5,106.6666667,ecotone,46.73538592,9.855830996,14648
D2250B3_2,D,2250,B,99.84,10,90,0,0,0,0,0,0,39.64,0.072,2253.77832,340,340,September,0,0,5,5,5.1,3.989257813,39.5,-1.5,6.858210989,186.5,106.6666667,ecotone,46.73540446,9.855784998,9840
D2250B4_1,D,2250,B,99.84,0,0,100,0,0,0,0,0,38.04,0.056,2253.352539,340,340,May,0,0,5,5,4.01,NA,NA,NA,NA,NA,NA,ecotone,46.73542382,9.855772182,18436
D2250B4_2,D,2250,B,99.84,0,0,100,0,0,0,0,0,38.04,0.056,2253.352539,340,340,September,0,0,5,5,4.45,NA,NA,NA,NA,NA,NA,ecotone,46.73545243,9.855815464,10870
D2250V1_1,D,2250,V,99.84,5,0,85,10,0,0,0,0,28.42,0.012,2253.277588,340,340,May,0,0,5,5,4.44,4.333496094,46,-2.5,8.198747094,189.6666667,105.6666667,ecotone,46.73635578,9.857327066,19731
D2250V1_2,D,2250,V,99.84,5,0,85,10,0,0,0,0,28.42,0.012,2253.277588,340,340,September,0,3,5,2,4.64,4.333496094,46,-2.5,8.198747094,189.6666667,105.6666667,ecotone,46.73650729,9.857106555,5784
D2250V2_1,D,2250,V,99.84,50,0,40,10,0,0,0,0,22.26,0.038,2253.07959,340,340,May,0,0,5,5,4.25,4.323974609,44,-8.5,9.201412692,193,109,ecotone,46.7346349,9.853825639,11613
D2250V2_2,D,2250,V,99.84,50,0,40,10,0,0,0,0,22.26,0.038,2253.07959,340,340,September,0,0,5,5,3.99,4.323974609,44,-8.5,9.201412692,193,109,ecotone,46.73640336,9.857047737,6910
D2250V3_1,D,2250,V,99.84,0,0,25,75,0,0,0,0,22.32,0.044,2252.975342,340,340,May,0,0,5,5,4.5,5.186767578,51.5,-3.5,9.718140899,192.1666667,106.8333333,ecotone,46.73637786,9.857283009,4034
D2250V3_2,D,2250,V,99.84,0,0,25,75,0,0,0,0,22.32,0.044,2252.975342,340,340,September,0,0,4,5,4.48,5.186767578,51.5,-3.5,9.718140899,192.1666667,106.8333333,ecotone,46.73650517,9.857077012,10680
D2250V4_1,D,2250,V,99.84,20,0,20,60,0,0,0,0,21.88,0.028,2252.381104,340,340,May,0,0,5,5,4,NA,NA,NA,NA,NA,NA,ecotone,46.73645606,9.857104401,12096
D2250V4_2,D,2250,V,99.84,20,0,20,60,0,0,0,0,21.88,0.028,2252.381104,340,340,September,0,1,5,4,4.63,NA,NA,NA,NA,NA,NA,ecotone,46.73643316,9.857043424,10060
S1850B1_1,S,1850,B,15.6,70,0,0,0,0,5,25,0,22.142,0.032,1868.932617,0.5,0.5,May,0,0,5,5,3.55,3.570068359,22,-3,5.20822858,169.1666667,120.3333333,mixed,46.80024,9.90116,9062
S1850B1_2,S,1850,B,15.6,70,0,0,0,0,5,25,0,22.142,0.032,1868.932617,0.5,0.5,September,0,0,5,5,3.95,3.570068359,22,-3,5.20822858,169.1666667,120.3333333,mixed,46.80022,9.90126,9975
S1850B2_1,S,1850,B,15.6,40,0,0,30,0,5,25,0,21.02,0.022,1869.421265,0.5,0.5,May,0,0,5,5,3.3,4.021240234,31.5,-3.5,6.007458564,176.8333333,119.8333333,mixed,46.80023,9.90126,10104
S1850B2_2,S,1850,B,15.6,40,0,0,30,0,5,25,0,21.02,0.022,1869.421265,0.5,0.5,September,1,1,4,4,3.78,4.021240234,31.5,-3.5,6.007458564,176.8333333,119.8333333,mixed,46.80025,9.90126,7078
S1850B3_1,S,1850,B,0,0,50,50,0,0,0,0,0,32.18,0.018,1869.91272,0.5,0.5,May,0,0,5,5,3.46,NA,NA,NA,NA,NA,NA,mixed,46.80025,9.90118,10687
S1850B3_2,S,1850,B,0,0,50,50,0,0,0,0,0,32.18,0.018,1869.91272,0.5,0.5,September,0,1,5,4,3.94,NA,NA,NA,NA,NA,NA,mixed,46.80021,9.90116,15397
S1850B4_1,S,1850,B,0,0,95,0,5,0,0,0,0,17.96,0.006,1870.963013,0.5,0.5,May,0,0,5,5,3.93,NA,NA,NA,NA,NA,NA,mixed,46.8002,9.90119,11899
S1850B4_2,S,1850,B,0,0,95,0,5,0,0,0,0,17.96,0.006,1870.963013,0.5,0.5,September,1,1,4,4,4.92,NA,NA,NA,NA,NA,NA,mixed,46.80029,9.90116,4156
S1850V1_1,S,1850,V,34.32,85,0,0,15,0,0,0,0,44,0.032,1868.982666,0.5,3,May,0,0,5,5,3.16,3.813232422,34.5,-3.5,5.924715416,168.6666667,123.1666667,mixed,46.8007329,9.902210389,5809
S1850V1_2,S,1850,V,34.32,85,0,0,15,0,0,0,0,44,0.032,1868.982666,0.5,3,September,0,0,4,5,4.08,3.813232422,34.5,-3.5,5.924715416,168.6666667,123.1666667,mixed,46.80075836,9.902241579,9979
S1850V2_1,S,1850,V,41.6,20,0,10,70,0,0,0,0,67.56,0.024,1869.938477,2.5,2.5,May,0,0,5,5,3.43,4.239257813,49,-3,6.650286721,176.1666667,119.1666667,mixed,46.80077,9.90225,13154
S1850V2_2,S,1850,V,41.6,20,0,10,70,0,0,0,0,67.56,0.024,1869.938477,2.5,2.5,September,1,1,4,4,3.88,4.239257813,49,-3,6.650286721,176.1666667,119.1666667,mixed,46.80077703,9.902281738,15766
S1850V3_1,S,1850,V,18.72,0,0,50,50,0,0,0,0,44,0.06,1870.677124,5,5,May,0,0,5,5,3.44,3.930419922,44.5,-2,6.835059868,190,111.8333333,mixed,46.80077588,9.902341878,16745
S1850V3_2,S,1850,V,18.72,0,0,50,50,0,0,0,0,44,0.06,1870.677124,5,5,September,2,2,3,3,3.75,3.930419922,44.5,-2,6.835059868,190,111.8333333,mixed,46.80062766,9.902296075,13910
S1850V4_1,S,1850,V,44.72,10,0,0,90,0,0,0,0,32.94,0.038,1870.201538,5,5,May,0,0,5,5,3.8,NA,NA,NA,NA,NA,NA,mixed,46.80058981,9.902250363,30803
S1850V4_2,S,1850,V,44.72,10,0,0,90,0,0,0,0,32.94,0.038,1870.201538,5,5,September,1,1,4,4,4.21,NA,NA,NA,NA,NA,NA,mixed,46.80064128,9.902244404,5107
S1900B1_1,S,1900,B,0,0,50,50,0,0,0,0,0,21.94,0.062,1937.67688,1,1,May,0,0,5,5,3.26,4.138183594,24,-8.5,5.841452448,144,131.5,mixed,46.8008762,9.903620526,5411
S1900B1_2,S,1900,B,0,0,50,50,0,0,0,0,0,21.94,0.062,1937.67688,1,1,September,0,0,5,5,4.19,4.138183594,24,-8.5,5.841452448,144,131.5,mixed,46.80093966,9.903669809,12529
S1900B2_1,S,1900,B,0,0,50,15,20,0,0,0,15,17.74,0.046,1933.425903,1,1,May,0,0,5,5,3.46,4.615966797,31,-1.5,5.895532819,156,130.3333333,mixed,46.8009391,9.903661654,8353
S1900B2_2,S,1900,B,0,0,50,15,20,0,0,0,15,17.74,0.046,1933.425903,1,1,September,0,0,5,4,4.11,4.615966797,31,-1.5,5.895532819,156,130.3333333,mixed,46.8009279,9.903619739,7954
S1900B3_1,S,1900,B,99.84,0,0,60,30,0,5,0,5,100,0.038,1913.038696,0.5,0.5,May,0,0,5,5,4.97,4.881835938,26,0,5.775261169,155.1666667,128.6666667,mixed,46.80093831,9.903540811,14626
S1900B3_2,S,1900,B,99.84,0,0,60,30,0,5,0,5,100,0.038,1913.038696,0.5,0.5,September,0,0,5,5,4.99,4.881835938,26,0,5.775261169,155.1666667,128.6666667,mixed,46.80098522,9.903562856,6421
S1900B4_1,S,1900,B,99.84,20,0,45,30,0,15,0,0,48.34,0.022,1914.053711,0.5,25,May,0,0,5,5,3.25,NA,NA,NA,NA,NA,NA,mixed,46.80092087,9.903589265,4411
S1900B4_2,S,1900,B,99.84,20,0,45,30,0,15,0,0,48.34,0.022,1914.053711,0.5,25,September,1,2,4,3,4.2,NA,NA,NA,NA,NA,NA,mixed,46.80091861,9.903630123,6569
S1900V1_1,S,1900,V,99.84,0,0,5,95,0,0,0,0,52.84,0.052,1912.046631,7,8,May,0,0,5,5,3.78,3.745361328,29,-2,6.047138391,179.6666667,114,mixed,46.80150093,9.903796541,17572
S1900V1_2,S,1900,V,99.84,0,0,5,95,0,0,0,0,52.84,0.052,1912.046631,7,8,September,0,1,5,4,4.22,3.745361328,29,-2,6.047138391,179.6666667,114,mixed,46.80156215,9.90381946,10844
S1900V2_1,S,1900,V,99.84,0,0,10,90,0,0,0,0,58.72,0.048,1911.877075,3.5,3.5,May,0,0,5,5,3.65,4.540527344,33,-3,6.417361505,180.3333333,126.8333333,mixed,46.80159985,9.903694192,15315
S1900V2_2,S,1900,V,99.84,0,0,10,90,0,0,0,0,58.72,0.048,1911.877075,3.5,3.5,September,0,0,5,5,4.25,4.540527344,33,-3,6.417361505,180.3333333,126.8333333,mixed,46.80159524,9.903707296,14964
S1900V3_1,S,1900,V,11.44,20,0,0,80,0,0,0,0,31.94,0.038,1913.566772,10,8,May,0,0,5,5,3.9,4.607177734,52.5,-2,8.667520032,187.6666667,113.1666667,mixed,46.80147514,9.903859909,4575
S1900V3_2,S,1900,V,11.44,20,0,0,80,0,0,0,0,31.94,0.038,1913.566772,10,8,September,1,3,4,2,4.44,4.607177734,52.5,-2,8.667520032,187.6666667,113.1666667,mixed,46.80150812,9.903821758,4370
S1900V4_1,S,1900,V,99.84,0,0,20,80,0,0,0,0,71.24,0.032,1913.588135,13,12,May,0,0,5,5,4.09,NA,NA,NA,NA,NA,NA,mixed,46.80154481,9.903848552,9690
S1900V4_2,S,1900,V,99.84,0,0,20,80,0,0,0,0,71.24,0.032,1913.588135,13,12,September,0,1,5,4,4.23,NA,NA,NA,NA,NA,NA,mixed,46.80148574,9.903739225,9269
S1950B1_1,S,1950,B,0,0,85,0,10,0,0,0,5,13.78,0.016,1983.511475,0.5,0.5,May,0,0,5,5,3.29,3.973876953,23,-3.5,5.610390267,161,127,mixed,46.80197784,9.904834358,5686
S1950B1_2,S,1950,B,0,0,85,0,10,0,0,0,5,13.78,0.016,1983.511475,0.5,0.5,September,1,1,4,4,4.26,3.973876953,23,-3.5,5.610390267,161,127,mixed,46.80202,9.90466,9299
S1950B2_1,S,1950,B,0,0,85,0,15,0,0,0,0,4.06,0.004,1983.216797,1,1,May,0,0,5,5,4.03,4.371826172,28,-6.5,5.934531455,131.1666667,132.8333333,mixed,46.80199724,9.90478609,17094
S1950B2_2,S,1950,B,0,0,85,0,15,0,0,0,0,4.06,0.004,1983.216797,1,1,September,1,1,3,4,4.2,4.371826172,28,-6.5,5.934531455,131.1666667,132.8333333,mixed,46.80204,9.9048,10730
S1950B3_1,S,1950,B,0,0,95,0,0,0,5,0,0,0.36,0,1986.077271,0.5,0.5,May,0,0,5,5,3.62,5.293457031,28,-7,6.583614704,115.8333333,158.3333333,mixed,46.80202266,9.904764868,4096
S1950B3_2,S,1950,B,0,0,95,0,0,0,5,0,0,0.36,0,1986.077271,0.5,0.5,September,1,1,4,4,4.21,5.293457031,28,-7,6.583614704,115.8333333,158.3333333,mixed,46.80202948,9.904711186,15690
S1950B4_1,S,1950,B,0,0,70,0,0,0,30,0,0,5.82,0.002,1987.665039,0.5,0.5,May,0,0,5,5,3.86,NA,NA,NA,NA,NA,NA,mixed,46.80202,9.90473,9273
S1950B4_2,S,1950,B,0,0,70,0,0,0,30,0,0,5.82,0.002,1987.665039,0.5,0.5,September,0,0,5,5,4.61,NA,NA,NA,NA,NA,NA,mixed,46.80203,9.9048,5253
S1950V1_1,S,1950,V,52,50,0,0,50,0,0,0,0,37.76,0.03,1990.966187,7,12,May,0,0,5,5,3.28,4.110595703,23.5,-2,5.358528263,159.6666667,125,mixed,46.8023459,9.905412046,8870
S1950V1_2,S,1950,V,52,50,0,0,50,0,0,0,0,37.76,0.03,1990.966187,7,12,September,1,1,5,4,4.22,4.110595703,23.5,-2,5.358528263,159.6666667,125,mixed,46.80229849,9.905470689,8657
S1950V2_1,S,1950,V,6.24,80,0,0,0,0,0,20,0,43.04,0.046,1987.357422,1.5,11,May,0,0,5,5,3.27,4.072509766,22.5,-2,5.233015997,165.3333333,126.1666667,mixed,46.80243723,9.905394918,25525
S1950V2_2,S,1950,V,6.24,80,0,0,0,0,0,20,0,43.04,0.046,1987.357422,1.5,11,September,2,2,3,3,3.81,4.072509766,22.5,-2,5.233015997,165.3333333,126.1666667,mixed,46.80244451,9.905519089,3571
S1950V3_1,S,1950,V,3.12,0,50,0,50,0,0,0,0,22.98,0.024,1982.91687,5,5,May,0,0,5,5,3.92,5.145507813,27.5,-1.5,5.753915371,131.8333333,146.5,mixed,46.80232617,9.90542197,7181
S1950V3_2,S,1950,V,3.12,0,50,0,50,0,0,0,0,22.98,0.024,1982.91687,5,5,September,0,0,5,5,3.81,5.145507813,27.5,-1.5,5.753915371,131.8333333,146.5,mixed,46.80231922,9.905479069,10551
S1950V4_1,S,1950,V,16.64,20,0,0,80,0,0,0,0,37.54,0.104,1987.220093,4,4,May,0,0,5,5,3,NA,NA,NA,NA,NA,NA,mixed,46.80231575,9.9055214,21902
S1950V4_2,S,1950,V,16.64,20,0,0,80,0,0,0,0,37.54,0.104,1987.220093,4,4,September,0,1,5,4,3.51,NA,NA,NA,NA,NA,NA,mixed,46.80235682,9.905493397,6139
S2000B1_1,S,2000,B,0,0,85,0,0,0,15,0,0,1.36,0,2037.343384,0.5,0.5,May,0,0,5,5,4.1,5.134765625,35,-8,7.02178565,112.6666667,158.5,pine,46.80233381,9.907577196,5490
S2000B1_2,S,2000,B,0,0,85,0,0,0,15,0,0,1.36,0,2037.343384,0.5,0.5,September,0,0,5,5,3.99,5.134765625,35,-8,7.02178565,112.6666667,158.5,pine,46.80233359,9.907663058,9396
S2000B2_1,S,2000,B,0,0,60,20,0,0,0,20,0,0.9,0,2037.777954,1,1,May,0,0,5,5,4.05,5.251953125,64,-5.5,9.449296265,142.8333333,129.1666667,pine,46.8024271,9.907599911,14307
S2000B2_2,S,2000,B,0,0,60,20,0,0,0,20,0,0.9,0,2037.777954,1,1,September,0,0,5,5,4.4,5.251953125,64,-5.5,9.449296265,142.8333333,129.1666667,pine,46.80246643,9.907530799,5098
S2000B3_1,S,2000,B,0,0,90,0,0,0,0,10,0,24.14,0.026,2034.234741,0.5,0.5,May,0,0,5,5,3.55,3.650634766,18.5,-5,5.452229779,156.6666667,128.8333333,pine,46.80233074,9.907655683,4315
S2000B3_2,S,2000,B,0,0,90,0,0,0,0,10,0,24.14,0.026,2034.234741,0.5,0.5,September,0,1,5,4,4,3.650634766,18.5,-5,5.452229779,156.6666667,128.8333333,pine,46.80236517,9.907680653,8853
S2000B4_1,S,2000,B,0,0,85,0,0,0,15,0,0,3.92,0.006,2036.687256,0.5,0.5,May,0,0,5,5,3.75,NA,NA,NA,NA,NA,NA,pine,46.80239817,9.907611009,14095
S2000B4_2,S,2000,B,0,0,85,0,0,0,15,0,0,3.92,0.006,2036.687256,0.5,0.5,September,0,0,4,5,3.92,NA,NA,NA,NA,NA,NA,pine,46.80243322,9.90758455,8945
S2000V1_1,S,2000,V,41.6,20,0,0,80,0,0,0,0,43.48,0.048,2035.313354,2,5,May,0,0,5,5,3.35,5.926513672,47,-2,7.900492224,141.5,141.6666667,pine,46.80214966,9.909210842,14700
S2000V1_2,S,2000,V,41.6,20,0,0,80,0,0,0,0,43.48,0.048,2035.313354,2,5,September,1,3,4,2,3.71,5.926513672,47,-2,7.900492224,141.5,141.6666667,pine,46.80220772,9.909155341,13055
S2000V2_1,S,2000,V,62.4,0,0,0,100,0,0,0,0,36.06,0.03,2034.739502,1,5.5,May,0,0,5,5,3.45,5.955566406,69.5,-5,10.53031905,168.6666667,125.3333333,pine,46.80215061,9.909155206,12373
S2000V2_2,S,2000,V,62.4,0,0,0,100,0,0,0,0,36.06,0.03,2034.739502,1,5.5,September,0,0,5,4,3.9,5.955566406,69.5,-5,10.53031905,168.6666667,125.3333333,pine,46.80222843,9.909022529,6160
S2000V3_1,S,2000,V,68.64,20,0,0,80,0,0,0,0,26.18,0.026,2035.316406,4.5,4.5,May,0,0,5,5,3.64,4.980957031,55,-1.5,8.892487548,169.3333333,118.1666667,pine,46.80212339,9.909250621,8238
S2000V3_2,S,2000,V,68.64,20,0,0,80,0,0,0,0,26.18,0.026,2035.316406,4.5,4.5,September,1,1,3,4,4.2,4.980957031,55,-1.5,8.892487548,169.3333333,118.1666667,pine,46.80219294,9.909161126,6309
S2000V4_1,S,2000,V,29.12,0,0,0,100,0,0,0,0,23.66,0.046,2037.124756,3.5,3.5,May,0,0,5,5,3.8,NA,NA,NA,NA,NA,NA,pine,46.80214211,9.909143333,17120
S2000V4_2,S,2000,V,29.12,0,0,0,100,0,0,0,0,23.66,0.046,2037.124756,3.5,3.5,September,1,1,4,4,3.82,NA,NA,NA,NA,NA,NA,pine,46.80225458,9.909172445,10154
S2050B1_1,S,2050,B,14.56,5,50,0,15,20,10,0,0,15.66,0.018,2089.018555,0.5,0.5,May,0,0,5,5,3.87,3.759033203,54.5,-5.5,7.66034692,184,118.1666667,pine,46.80276947,9.911918824,23679
S2050B1_2,S,2050,B,14.56,5,50,0,15,20,10,0,0,15.66,0.018,2089.018555,0.5,0.5,September,0,1,5,4,4.15,3.759033203,54.5,-5.5,7.66034692,184,118.1666667,pine,46.8027753,9.911885822,8012
S2050B2_1,S,2050,B,99.84,0,90,0,0,0,5,5,0,0,0,2089.392822,0.5,0.5,May,0,0,5,5,4.23,4.703125,54,-10,7.87966718,128.8333333,148.6666667,pine,46.80284025,9.91187441,8653
S2050B2_2,S,2050,B,99.84,0,90,0,0,0,5,5,0,0,0,2089.392822,0.5,0.5,September,0,0,5,5,4.47,4.703125,54,-10,7.87966718,128.8333333,148.6666667,pine,46.80285694,9.911812039,16369
S2050B3_1,S,2050,B,0,10,70,0,0,0,0,20,0,0,0,2087.936768,0.5,0.5,May,0,0,5,5,4.42,4.621582031,51.5,-11,7.795246321,134.5,144.1666667,pine,46.80278539,9.911903825,9206
S2050B3_2,S,2050,B,0,10,70,0,0,0,0,20,0,0,0,2087.936768,0.5,0.5,September,0,0,5,5,4.61,4.621582031,51.5,-11,7.795246321,134.5,144.1666667,pine,46.80280282,9.911857635,15708
S2050B4_1,S,2050,B,0,0,60,0,0,0,35,5,0,17.02,0.01,2086.861084,0.5,0.5,May,0,0,5,5,3.67,NA,NA,NA,NA,NA,NA,pine,46.80284,9.9118,15143
S2050B4_2,S,2050,B,0,0,60,0,0,0,35,5,0,17.02,0.01,2086.861084,0.5,0.5,September,0,0,5,5,3.81,NA,NA,NA,NA,NA,NA,pine,46.80278554,9.911811891,6152
S2050V1_1,S,2050,V,41.6,0,0,25,20,0,0,55,0,17.34,0.002,2089.068604,1,2,May,0,0,5,5,4.36,4.339599609,46,-5,7.289818588,162.8333333,122.8333333,pine,46.73294106,9.846692258,4640
S2050V1_2,S,2050,V,41.6,0,0,25,20,0,0,55,0,17.34,0.002,2089.068604,1,2,September,2,2,3,3,4.49,4.339599609,46,-5,7.289818588,162.8333333,122.8333333,pine,46.73293027,9.846722801,12456
S2050V2_1,S,2050,V,33.28,15,0,0,70,0,0,15,0,22.6,0.022,2086.555908,2.5,2.5,May,0,0,5,5,3.65,4.705322266,49,-3.5,7.716645038,176.6666667,122,pine,46.73295858,9.846762809,10828
S2050V2_2,S,2050,V,33.28,15,0,0,70,0,0,15,0,22.6,0.022,2086.555908,2.5,2.5,September,0,0,5,6,3.85,4.705322266,49,-3.5,7.716645038,176.6666667,122,pine,46.73292,9.84685,14013
S2050V3_1,S,2050,V,54.08,25,5,10,60,0,0,0,0,24.98,0.012,2086.401123,3,3,May,0,0,5,5,3.73,5.015625,50.5,-3.5,8.156565175,170,125.6666667,pine,46.73293523,9.846696009,15124
S2050V3_2,S,2050,V,54.08,25,5,10,60,0,0,0,0,24.98,0.012,2086.401123,3,3,September,0,0,5,5,4.18,5.015625,50.5,-3.5,8.156565175,170,125.6666667,pine,46.73293619,9.846755875,18881
S2050V4_1,S,2050,V,39.52,25,0,5,70,0,0,0,0,27.9,0.042,2084.855469,4,4,May,0,0,5,5,3.6,NA,NA,NA,NA,NA,NA,pine,46.73294758,9.846859528,25683
S2050V4_2,S,2050,V,39.52,25,0,5,70,0,0,0,0,27.9,0.042,2084.855469,4,4,September,0,2,5,3,4.09,NA,NA,NA,NA,NA,NA,pine,46.73302364,9.846977819,6810
S2100B1_1,S,2100,B,75.92,0,0,35,15,0,25,0,25,33.54,0.024,2111.291016,0.5,0.5,May,0,0,5,5,4,4.819824219,40.5,-5,7.479968858,164.6666667,125.8333333,pine,46.73297033,9.849310718,3907
S2100B1_2,S,2100,B,75.92,0,0,35,15,0,25,0,25,33.54,0.024,2111.291016,0.5,0.5,September,0,0,5,5,4.03,4.819824219,40.5,-5,7.479968858,164.6666667,125.8333333,pine,46.7327902,9.849341332,6632
S2100B2_1,S,2100,B,52,0,0,25,10,25,15,25,0,40.38,0.036,2112.585693,0.5,0.5,May,0,0,5,5,3.74,4.014892578,45,-5,7.152972803,188,114.3333333,pine,46.73260847,9.848900087,23652
S2100B2_2,S,2100,B,52,0,0,25,10,25,15,25,0,40.38,0.036,2112.585693,0.5,0.5,September,1,1,4,4,3.89,4.014892578,45,-5,7.152972803,188,114.3333333,pine,46.73259357,9.848874294,4751
S2100B3_1,S,2100,B,0,0,55,10,0,0,35,0,0,19.7,0.004,2118.273926,0.5,5,May,0,0,5,5,3.89,5.635253906,59.5,-8,9.863319331,150.3333333,136,pine,46.73260568,9.84903106,3799
S2100B3_2,S,2100,B,0,0,55,10,0,0,35,0,0,19.7,0.004,2118.273926,0.5,5,September,0,1,5,4,3.71,5.635253906,59.5,-8,9.863319331,150.3333333,136,pine,46.73261076,9.848961871,6448
S2100B4_1,S,2100,B,0,0,15,20,35,0,30,0,0,11.16,0.01,2114.605469,0.5,0.5,May,0,0,5,5,4.07,NA,NA,NA,NA,NA,NA,pine,46.73254099,9.848953003,5206
S2100B4_2,S,2100,B,0,0,15,20,35,0,30,0,0,11.16,0.01,2114.605469,0.5,0.5,September,0,0,5,5,4.49,NA,NA,NA,NA,NA,NA,pine,46.73257074,9.84910109,9066
S2100V1_1,S,2100,V,47.84,20,5,75,0,0,0,0,0,49.44,0.038,2112.955811,1,4,May,0,0,5,5,3.68,5.040039063,67.5,-7,10.22819071,195.1666667,111.6666667,pine,46.73296643,9.850430647,3959
S2100V1_2,S,2100,V,47.84,20,5,75,0,0,0,0,0,49.44,0.038,2112.955811,1,4,September,0,3,5,2,3.88,5.040039063,67.5,-7,10.22819071,195.1666667,111.6666667,pine,46.73293235,9.850441907,8270
S2100V2_1,S,2100,V,20.8,10,0,10,80,0,0,0,0,27.32,0.026,2116.354492,0.5,2,May,0,0,5,5,3.57,4.992919922,68,-5,9.94914149,189.1666667,111.6666667,pine,46.73286597,9.850722947,16231
S2100V2_2,S,2100,V,20.8,10,0,10,80,0,0,0,0,27.32,0.026,2116.354492,0.5,2,September,0,1,5,4,4.1,4.992919922,68,-5,9.94914149,189.1666667,111.6666667,pine,46.73289988,9.850771571,14067
S2100V3_1,S,2100,V,0,25,0,25,35,0,0,15,0,35.9,0.022,2117.656738,2,2,May,0,0,5,5,7.81,5.696777344,63,-4,9.502710865,160.3333333,127,pine,46.7330563,9.850629906,5904
S2100V3_2,S,2100,V,0,25,0,25,35,0,0,15,0,35.9,0.022,2117.656738,2,2,September,0,0,5,5,4.32,5.696777344,63,-4,9.502710865,160.3333333,127,pine,46.73299729,9.85052656,16351
S2100V4_1,S,2100,V,52,40,0,10,50,0,0,0,0,24.54,0.03,2115.391846,4.5,4.5,May,0,0,5,5,4,NA,NA,NA,NA,NA,NA,pine,46.73286619,9.850514188,14532
S2100V4_2,S,2100,V,52,40,0,10,50,0,0,0,0,24.54,0.03,2115.391846,4.5,4.5,September,0,0,5,5,3.91,NA,NA,NA,NA,NA,NA,pine,46.73291731,9.85071637,3731
S2150B1_1,S,2150,B,89.44,5,0,40,35,0,10,10,0,38.8,0.036,2147.429932,0.5,0.5,May,0,0,5,5,4.26,4.799072266,60.5,-4,8.353366619,182.8333333,126.5,ecotone,46.73378913,9.851851198,6761
S2150B1_2,S,2150,B,89.44,5,0,40,35,0,10,10,0,38.8,0.036,2147.429932,0.5,0.5,September,0,0,2,5,4.28,4.799072266,60.5,-4,8.353366619,182.8333333,126.5,ecotone,46.73384359,9.851817867,4782
S2150B2_1,S,2150,B,99.84,0,25,25,0,0,15,0,35,17.28,0.032,2150.672363,0.5,0.5,May,0,0,5,5,3.84,4.204345703,27.5,-8.5,6.52729908,151.5,136.3333333,ecotone,46.73376442,9.851743446,5572
S2150B2_2,S,2150,B,99.84,0,25,25,0,0,15,0,35,17.28,0.032,2150.672363,0.5,0.5,September,0,0,5,5,5.28,4.204345703,27.5,-8.5,6.52729908,151.5,136.3333333,ecotone,46.73378351,9.851833621,7793
S2150B3_1,S,2150,B,99.84,10,30,0,0,0,20,40,0,0,0.002,2144.013184,0.5,0.5,May,0,0,5,5,4.42,4.233154297,34,-9,6.904803834,148.1666667,137.6666667,ecotone,46.73375396,9.85181554,10266
S2150B3_2,S,2150,B,99.84,10,30,0,0,0,20,40,0,0,0.002,2144.013184,0.5,0.5,September,0,0,3,5,4.36,4.233154297,34,-9,6.904803834,148.1666667,137.6666667,ecotone,46.73373104,9.851821228,7641
S2150B4_1,S,2150,B,99.84,0,0,50,50,0,0,0,0,25.7,0.034,2147.162109,0.5,6,May,0,0,5,5,3.98,NA,NA,NA,NA,NA,NA,ecotone,46.73370776,9.851889027,7984
S2150B4_2,S,2150,B,99.84,0,0,50,50,0,0,0,0,25.7,0.034,2147.162109,0.5,6,September,1,1,2,4,4.33,NA,NA,NA,NA,NA,NA,ecotone,46.7338347,9.851800974,5288
S2150V1_1,S,2150,V,82.16,10,0,60,30,0,0,0,0,14.22,0.02,2148.822021,3.5,3,May,0,0,5,5,3.8,4.967285156,52.5,-5,8.505043422,183.8333333,117,ecotone,46.73443336,9.853180913,3383
S2150V1_2,S,2150,V,82.16,10,0,60,30,0,0,0,0,14.22,0.02,2148.822021,3.5,3,September,0,2,4,3,3.99,4.967285156,52.5,-5,8.505043422,183.8333333,117,ecotone,46.73451614,9.853139502,14579
S2150V2_1,S,2150,V,99.84,10,0,10,70,0,0,10,0,44.78,0.064,2146.183838,0.5,3.5,May,0,0,5,5,3.83,4.784179688,59,-6,9.691796889,195.6666667,106.5,ecotone,46.7345626,9.853059071,10254
S2150V2_2,S,2150,V,99.84,10,0,10,70,0,0,10,0,44.78,0.064,2146.183838,0.5,3.5,September,0,2,5,3,3.98,4.784179688,59,-6,9.691796889,195.6666667,106.5,ecotone,46.73455063,9.853029857,13979
S2150V3_1,S,2150,V,99.84,0,0,25,70,0,5,0,0,11.38,0.024,2151.886719,0.5,7,May,0,0,5,5,3.93,3.797851563,35,-6.5,6.773421813,200,110.1666667,ecotone,46.7345172,9.853127707,5252
S2150V3_2,S,2150,V,99.84,0,0,25,70,0,5,0,0,11.38,0.024,2151.886719,0.5,7,September,0,2,5,3,4.32,3.797851563,35,-6.5,6.773421813,200,110.1666667,ecotone,46.73451195,9.853044151,12527
S2150V4_1,S,2150,V,99.84,0,0,25,70,0,0,5,0,36.8,0.03,2146.826416,2,7,May,0,0,5,5,3.84,NA,NA,NA,NA,NA,NA,ecotone,46.73451157,9.853039012,15171
S2150V4_2,S,2150,V,99.84,0,0,25,70,0,0,5,0,36.8,0.03,2146.826416,2,7,September,1,4,4,1,4.22,NA,NA,NA,NA,NA,NA,ecotone,46.7343918,9.853062385,3889
S2200B1_1,S,2200,B,99.84,15,20,0,45,0,10,0,10,14.56,0.006,2198.279053,0.5,0.5,May,0,0,5,5,3.94,5.53125,53.5,-6,9.941524193,160.8333333,130.3333333,ecotone,46.73470391,9.853751891,4201
S2200B1_2,S,2200,B,99.84,15,20,0,45,0,10,0,10,14.56,0.006,2198.279053,0.5,0.5,September,0,0,5,5,4.08,5.53125,53.5,-6,9.941524193,160.8333333,130.3333333,ecotone,46.7346781,9.853813147,28357
S2200B2_1,S,2200,B,99.84,0,10,0,85,0,5,0,0,9.62,0.018,2196.009766,0.5,0.5,May,0,0,5,5,4.17,4.007568359,39.5,-5,6.703254891,171.8333333,117.6666667,ecotone,46.7347,9.85393,9032
S2200B2_2,S,2200,B,99.84,0,10,0,85,0,5,0,0,9.62,0.018,2196.009766,0.5,0.5,September,1,1,4,4,4.3,4.007568359,39.5,-5,6.703254891,171.8333333,117.6666667,ecotone,46.73469105,9.853855715,21491
S2200B3_1,S,2200,B,52,25,15,10,40,0,10,0,0,24.88,0.038,2198.467529,0.5,0.5,May,0,0,5,5,3.8,3.902832031,45.5,-4.5,7.152114536,185.1666667,108.1666667,ecotone,46.73468818,9.853815454,6359
S2200B3_2,S,2200,B,52,25,15,10,40,0,10,0,0,24.88,0.038,2198.467529,0.5,0.5,September,0,1,5,4,4.02,3.902832031,45.5,-4.5,7.152114536,185.1666667,108.1666667,ecotone,46.73471,9.85388,11424
S2200B4_1,S,2200,B,99.84,15,0,0,60,0,5,0,20,30.72,0.038,2200.671875,0.5,8,May,0,0,5,5,4.02,NA,NA,NA,NA,NA,NA,ecotone,46.73474474,9.853884301,4704
S2200B4_2,S,2200,B,99.84,15,0,0,60,0,5,0,20,30.72,0.038,2200.671875,0.5,8,September,0,5,5,0,4.02,NA,NA,NA,NA,NA,NA,ecotone,46.73472892,9.853843859,9072
S2200V1_1,S,2200,V,99.84,15,0,0,80,0,0,0,5,23.82,0.056,2198.021484,1,1,May,0,0,5,5,3.98,5.859619141,59,-5,9.396477593,163.1666667,124.5,ecotone,46.73516724,9.854532574,5106
S2200V1_2,S,2200,V,99.84,15,0,0,80,0,0,0,5,23.82,0.056,2198.021484,1,1,September,0,0,5,5,4.13,5.859619141,59,-5,9.396477593,163.1666667,124.5,ecotone,46.73519825,9.854640103,16413
S2200V2_1,S,2200,V,99.84,25,0,0,75,0,0,0,0,11.8,0.042,2196.86084,0.5,6,May,0,0,5,5,3.74,5.428222656,62.5,-7.5,10.70417486,187.5,105.8333333,ecotone,46.73499775,9.854532049,13990
S2200V2_2,S,2200,V,99.84,25,0,0,75,0,0,0,0,11.8,0.042,2196.86084,0.5,6,September,0,0,5,5,3.89,5.428222656,62.5,-7.5,10.70417486,187.5,105.8333333,ecotone,46.73522226,9.854487659,24054
S2200V3_1,S,2200,V,99.84,15,0,0,85,0,0,0,0,60.56,0.078,2196.974121,2,8,May,0,0,5,5,3.9,5.017822266,58.5,-5.5,9.611724427,186.3333333,110.3333333,ecotone,46.73519617,9.85456829,10464
S2200V3_2,S,2200,V,99.84,15,0,0,85,0,0,0,0,60.56,0.078,2196.974121,2,8,September,0,1,5,4,4.1,5.017822266,58.5,-5.5,9.611724427,186.3333333,110.3333333,ecotone,46.73518448,9.854473904,5663
S2200V4_1,S,2200,V,99.84,25,0,0,75,0,0,0,0,8.72,0.012,2199.327881,3,7,May,0,0,5,5,3.87,NA,NA,NA,NA,NA,NA,ecotone,46.73525572,9.854650956,11245
S2200V4_2,S,2200,V,99.84,25,0,0,75,0,0,0,0,8.72,0.012,2199.327881,3,7,September,0,1,4,4,3.96,NA,NA,NA,NA,NA,NA,ecotone,46.7352075,9.854483991,11530
S2250B1_1,S,2250,B,99.84,10,0,65,25,0,0,0,0,46.44,0.044,2260.660889,302,302,May,0,0,5,5,4.05,4.091064453,47,-6,8.390440698,197.6666667,102.5,ecotone,46.73537993,9.855842302,6371
S2250B1_2,S,2250,B,99.84,10,0,65,25,0,0,0,0,46.44,0.044,2260.660889,302,302,September,0,0,4,5,4.4,4.091064453,47,-6,8.390440698,197.6666667,102.5,ecotone,46.73537656,9.855780101,18407
S2250B2_1,S,2250,B,99.84,10,0,45,45,0,0,0,0,54.86,0.046,2254.036377,302,302,May,0,0,5,5,4.11,4.395751953,40,-5,7.132581176,189,114.8333333,ecotone,46.73538663,9.855843255,6469
S2250B2_2,S,2250,B,99.84,10,0,45,45,0,0,0,0,54.86,0.046,2254.036377,302,302,September,0,1,4,4,4.28,4.395751953,40,-5,7.132581176,189,114.8333333,ecotone,46.73546621,9.855842856,8364
S2250B3_1,S,2250,B,99.84,5,0,55,40,0,0,0,0,60.04,0.022,2111.750732,302,302,May,0,0,5,5,4.08,4.805664063,50,-3.5,8.731898138,186,105,ecotone,46.73538592,9.855830996,12073
S2250B3_2,S,2250,B,99.84,5,0,55,40,0,0,0,0,60.04,0.022,2111.750732,302,302,September,0,0,4,5,4.2,4.805664063,50,-3.5,8.731898138,186,105,ecotone,46.73540446,9.855784998,10888
S2250B4_1,S,2250,B,99.84,5,0,45,50,0,0,0,0,54.96,0.042,2251.361084,302,302,May,0,0,5,5,4.12,NA,NA,NA,NA,NA,NA,ecotone,46.73542382,9.855772182,7832
S2250B4_2,S,2250,B,99.84,5,0,45,50,0,0,0,0,54.96,0.042,2251.361084,302,302,September,0,1,5,4,4.28,NA,NA,NA,NA,NA,NA,ecotone,46.73545243,9.855815464,20754
S2250V1_1,S,2250,V,99.84,0,0,50,50,0,0,0,0,47.88,0.032,2258.948975,302,302,May,0,0,5,5,3.99,5.073486328,56,-6,10.18929749,196,100.3333333,ecotone,46.73635578,9.857327066,13764
S2250V1_2,S,2250,V,99.84,0,0,50,50,0,0,0,0,47.88,0.032,2258.948975,302,302,September,0,0,3,5,4.4,5.073486328,56,-6,10.18929749,196,100.3333333,ecotone,46.73650729,9.857106555,4627
S2250V2_1,S,2250,V,99.84,5,0,5,90,0,0,0,0,39.8,0.018,2253.32251,302,302,May,0,0,5,5,4.18,4.020263672,55.5,-4.5,8.477027466,202.8333333,98.83333333,ecotone,46.7346349,9.853825639,10391
S2250V2_2,S,2250,V,99.84,5,0,5,90,0,0,0,0,39.8,0.018,2253.32251,302,302,September,0,0,5,5,4.4,4.020263672,55.5,-4.5,8.477027466,202.8333333,98.83333333,ecotone,46.73640336,9.857047737,16102
S2250V3_1,S,2250,V,99.84,5,0,5,90,0,0,0,0,28.92,0.056,2253.180908,302,302,May,0,0,5,5,3.83,3.643798828,44.5,-8.5,8.283063197,205.1666667,97.16666667,ecotone,46.73637786,9.857283009,21352
S2250V3_2,S,2250,V,99.84,5,0,5,90,0,0,0,0,28.92,0.056,2253.180908,302,302,September,0,0,5,5,4.08,3.643798828,44.5,-8.5,8.283063197,205.1666667,97.16666667,ecotone,46.73650517,9.857077012,13490
S2250V4_1,S,2250,V,99.84,10,0,10,80,0,0,0,0,39.78,0.05,2251.387451,302,302,May,0,0,5,5,4.26,NA,NA,NA,NA,NA,NA,ecotone,46.73645606,9.857104401,11981
S2250V4_2,S,2250,V,99.84,10,0,10,80,0,0,0,0,39.78,0.05,2251.387451,302,302,September,0,0,4,5,4.13,NA,NA,NA,NA,NA,NA,ecotone,46.73643316,9.857043424,3831
